setting,test_year,horizon_weeks,model,n_predictions,mae,rmse,mase
Brazil,2023,1,moving_average_4,52,17234.75480769231,23549.87141202339,2.135870791095011
Brazil,2023,1,persistence,52,9162.884615384615,12875.723090971807,1.1355390796415001
Brazil,2023,1,seasonal_naive,52,15458.288461538461,23159.862400365124,1.9157166535716976
Brazil,2023,2,moving_average_4,52,23181.75480769231,31546.433473421825,2.872871330781993
Brazil,2023,2,persistence,52,14482.442307692309,20792.705295829852,1.794781872667699
Brazil,2023,2,seasonal_naive,52,15458.288461538461,23159.862400365124,1.9157166535716976
Brazil,2023,4,moving_average_4,52,33910.0,46464.1685599899,4.202402606488237
Brazil,2023,4,persistence,52,26300.173076923078,36402.88983219073,3.2593310495297345
Brazil,2023,4,seasonal_naive,52,15458.288461538461,23159.862400365124,1.9157166535716976
Colombia,2023,1,moving_average_4,52,326.2067307692308,396.3988633866535,2.4039914461556036
Colombia,2023,1,persistence,52,282.7692307692308,381.37645443839347,2.083877332641936
Colombia,2023,1,seasonal_naive,52,1197.826923076923,1333.66834332978,8.827425694931193
Colombia,2023,2,moving_average_4,52,356.7980769230769,446.519475305303,2.6294353979306417
Colombia,2023,2,persistence,52,364.28846153846155,447.62675471698685,2.6846360386450074
Colombia,2023,2,seasonal_naive,52,1197.826923076923,1333.66834332978,8.827425694931193
Colombia,2023,4,moving_average_4,52,422.6442307692308,530.7650637378231,3.114690837740625
Colombia,2023,4,persistence,52,427.5192307692308,545.2465038860863,3.1506173137896405
Colombia,2023,4,seasonal_naive,52,1197.826923076923,1333.66834332978,8.827425694931193
Mexico,2023,1,moving_average_4,52,1496.1298076923076,2425.0933564008656,4.2513817477094555
Mexico,2023,1,persistence,52,839.9230769230769,1391.9892931727932,2.3867137866991204
Mexico,2023,1,seasonal_naive,52,4193.173076923077,6275.74388940344,11.915262561150511
Mexico,2023,2,moving_average_4,52,2019.6586538461538,3210.155224612319,5.739034068714207
Mexico,2023,2,persistence,52,1403.423076923077,2165.0228280906986,3.9879475850748327
Mexico,2023,2,seasonal_naive,52,4193.173076923077,6275.74388940344,11.915262561150511
Mexico,2023,4,moving_average_4,52,3002.581730769231,4576.893112549377,8.532094675586755
Mexico,2023,4,persistence,52,2464.1923076923076,3757.651429980004,7.002214744941201
Mexico,2023,4,seasonal_naive,52,4193.173076923077,6275.74388940344,11.915262561150511
Peru,2023,1,moving_average_4,52,1637.7836538461538,2572.1820856017143,7.959629584741287
Peru,2023,1,persistence,52,781.7115384615385,1317.4516995963195,3.7991185671319245
Peru,2023,1,seasonal_naive,52,3872.6153846153848,6074.53044402484,18.8209131977357
Peru,2023,2,moving_average_4,52,2207.2259615384614,3411.2747685982436,10.727119557221382
Peru,2023,2,persistence,52,1405.7692307692307,2280.426031384352,6.8320393430919255
Peru,2023,2,seasonal_naive,52,3872.6153846153848,6074.53044402484,18.8209131977357
Peru,2023,4,moving_average_4,52,3216.4471153846152,4796.398127887417,15.6319349977931
Peru,2023,4,persistence,52,2574.0576923076924,3975.291636616595,12.50992199879887
Peru,2023,4,seasonal_naive,52,3872.6153846153848,6074.53044402484,18.8209131977357
Philippines,2023,1,moving_average_4,41,560.8536585365854,795.2388121141239,1.0103225375736544
Philippines,2023,1,persistence,45,332.77777777777777,579.0807082494345,0.5994663380993785
Philippines,2023,1,seasonal_naive,45,3115.0,4323.416085047152,5.61136520488016
Philippines,2023,2,moving_average_4,40,734.75625,994.8187515510049,1.3235909005837008
Philippines,2023,2,persistence,43,529.6744186046511,834.5289995936574,0.954156212671996
Philippines,2023,2,seasonal_naive,45,3115.0,4323.416085047152,5.61136520488016
Philippines,2023,4,moving_average_4,40,1046.43125,1327.0506378102157,1.885042666307946
Philippines,2023,4,persistence,43,770.7674418604652,1117.3000991801205,1.3884615102119762
Philippines,2023,4,seasonal_naive,45,3115.0,4323.416085047152,5.61136520488016
Singapore,2025,1,moving_average_4,52,12.350961538461538,15.653819575672014,0.3411746739892073
Singapore,2025,1,persistence,52,13.326923076923077,18.456289317861685,0.36813398065320463
Singapore,2025,1,seasonal_naive,52,185.6346153846154,208.68733513597283,5.127846053745143
Singapore,2025,2,moving_average_4,52,13.33173076923077,16.37815589083873,0.36826678511952976
Singapore,2025,2,persistence,52,14.365384615384615,19.331620171665346,0.3968197453794284
Singapore,2025,2,seasonal_naive,52,185.6346153846154,208.68733513597283,5.127846053745143
Singapore,2025,4,moving_average_4,52,16.528846153846153,20.830762661912384,0.4565817552257278
Singapore,2025,4,persistence,52,17.346153846153847,21.641306657550828,0.4791585145009965
Singapore,2025,4,seasonal_naive,52,185.6346153846154,208.68733513597283,5.127846053745143
Sri Lanka,2024,1,moving_average_4,48,174.42708333333334,270.6984263360859,0.8338084255132439
Sri Lanka,2024,1,persistence,51,110.58823529411765,175.15113921589963,0.5286415422922742
Sri Lanka,2024,1,seasonal_naive,51,734.6666666666666,968.9837611703123,3.5119044869870444
Sri Lanka,2024,2,moving_average_4,48,235.953125,360.8667715693933,1.1279194715146756
Sri Lanka,2024,2,persistence,51,171.6078431372549,270.137728125604,0.8203316982521248
Sri Lanka,2024,2,seasonal_naive,51,734.6666666666666,968.9837611703123,3.5119044869870444
Sri Lanka,2024,4,moving_average_4,48,371.7083333333333,556.4139997003131,1.776865921529686
Sri Lanka,2024,4,persistence,51,276.3137254901961,426.8461172871756,1.3208540095714059
Sri Lanka,2024,4,seasonal_naive,51,734.6666666666666,968.9837611703123,3.5119044869870444
Taiwan,2024,1,moving_average_4,52,14.9375,45.05846895978602,0.8381642103839915
Taiwan,2024,1,persistence,52,5.173076923076923,15.71439810149621,0.2902686483338187
Taiwan,2024,1,seasonal_naive,52,508.0,899.9348908072782,28.504597079502435
Taiwan,2024,2,moving_average_4,52,23.28846153846154,71.35318102444832,1.3067484503057787
Taiwan,2024,2,persistence,52,11.211538461538462,35.27556356198132,0.6290952489911387
Taiwan,2024,2,seasonal_naive,52,508.0,899.9348908072782,28.504597079502435
Taiwan,2024,4,moving_average_4,52,51.92788461538461,159.72573774466318,2.9137469058118737
Taiwan,2024,4,persistence,52,26.096153846153847,78.66640862626083,1.4642920289553607
Taiwan,2024,4,seasonal_naive,52,508.0,899.9348908072782,28.504597079502435
