setting,test_year,horizon_weeks,n_predictions_epidemiology,mae_epidemiology,rmse_epidemiology,mase_epidemiology,n_predictions_climate,mae_climate,rmse_climate,mase_climate,family,epidemiology_model,climate_model,delta_mae,delta_rmse,delta_mase,climate_improves_mae,climate_improves_rmse,climate_improves_mase
Brazil,2023,1,52,7557.01615655717,12140.045888207802,0.936526817858731,52,7407.804884836568,11518.130178732295,0.9180353452195072,negative_binomial,negative_binomial_epidemiology,negative_binomial_climate,-149.21127172060187,-621.9157094755064,-0.018491472639223794,True,True,True
Colombia,2023,1,52,357.6138310361917,442.2212309969334,2.635447125234581,52,336.75432947858377,422.60223096873705,2.481722328700466,negative_binomial,negative_binomial_epidemiology,negative_binomial_climate,-20.859501557607928,-19.619000028196353,-0.15372479653411508,True,True,True
Peru,2023,1,52,1985.566306651005,3658.934139403631,9.649853495466273,52,2098.426081316768,3516.765290126674,10.19835207111589,negative_binomial,negative_binomial_epidemiology,negative_binomial_climate,112.85977466576287,-142.1688492769572,0.5484985756496172,False,True,False
Philippines,2023,1,36,585.5749337865282,822.7415631118303,1.0548554761796878,36,543.2299561372198,810.7611500289263,0.9785751762815316,negative_binomial,negative_binomial_epidemiology,negative_binomial_climate,-42.34497764930836,-11.980413082903965,-0.07628029989815621,True,True,True
Singapore,2025,1,52,13.47920112823864,18.419134977145543,0.3723404073635067,52,13.37768209963336,18.154266345562235,0.369536113837027,negative_binomial,negative_binomial_epidemiology,negative_binomial_climate,-0.10151902860528139,-0.2648686315833082,-0.0028042935264797064,True,True,True
Sri Lanka,2024,1,42,85.22040811105784,106.08092311552714,0.4073764976788899,42,88.93179764549167,115.78904020206684,0.4251179390023041,negative_binomial,negative_binomial_epidemiology,negative_binomial_climate,3.7113895344338346,9.708117086539701,0.01774144132341421,False,False,False
Brazil,2023,2,52,10772.297006694904,16035.962628107944,1.3349905343202624,52,10162.155496283647,14421.068462602389,1.2593768429702494,negative_binomial,negative_binomial_epidemiology,negative_binomial_climate,-610.1415104112566,-1614.894165505555,-0.07561369135001295,True,True,True
Colombia,2023,2,52,404.97309425682937,505.4570971463389,2.984462804372075,52,386.74424221752025,490.331052543881,2.8501246677174503,negative_binomial,negative_binomial_epidemiology,negative_binomial_climate,-18.228852039309118,-15.12604460245791,-0.13433813665462457,True,True,True
Peru,2023,2,52,2481.546166596454,4506.49935816274,12.060315925828563,52,2621.555209917557,4425.775062782902,12.740759964168356,negative_binomial,negative_binomial_epidemiology,negative_binomial_climate,140.00904332110304,-80.72429537983771,0.6804440383397932,False,True,False
Philippines,2023,2,35,886.186366274844,1247.2673684999274,1.5963773164538826,35,828.6541956353545,1181.2518460682093,1.4927387866023063,negative_binomial,negative_binomial_epidemiology,negative_binomial_climate,-57.532170639489436,-66.01552243171818,-0.10363852985157629,True,True,True
Singapore,2025,2,52,15.74739965712332,21.59049299244406,0.434995601554276,52,15.901713406460782,21.783066677210975,0.4392582610207728,negative_binomial,negative_binomial_epidemiology,negative_binomial_climate,0.15431374933746156,0.1925736847669164,0.004262659466496788,False,False,False
Sri Lanka,2024,2,42,136.54784952386993,195.8754861817243,0.6527354883366296,42,158.42020404525047,275.67096898052097,0.7572912324173117,negative_binomial,negative_binomial_epidemiology,negative_binomial_climate,21.872354521380544,79.79548279879666,0.10455574408068202,False,False,False
Brazil,2023,4,52,14266.442495664842,21536.276790570148,1.7680134216778671,52,12462.783013100418,17665.878099501664,1.5444892898363467,negative_binomial,negative_binomial_epidemiology,negative_binomial_climate,-1803.6594825644243,-3870.3986910684835,-0.22352413184152042,True,True,True
Colombia,2023,4,52,515.7708146673743,639.5516855088196,3.800990322036693,52,465.5625879767526,582.1983663652885,3.430979111028654,negative_binomial,negative_binomial_epidemiology,negative_binomial_climate,-50.20822669062176,-57.35331914353105,-0.3700112110080389,True,True,True
Peru,2023,4,52,2971.0229719538247,5271.989788510724,14.43917350681475,52,3182.676433655583,5240.3496103064435,15.467809463412516,negative_binomial,negative_binomial_epidemiology,negative_binomial_climate,211.65346170175826,-31.640178204280346,1.0286359565977659,False,True,False
Philippines,2023,4,35,1591.803319067147,2547.317554378358,2.8674766477130462,35,1446.5975562745575,1971.434057396232,2.6059027906079364,negative_binomial,negative_binomial_epidemiology,negative_binomial_climate,-145.20576279258944,-575.8834969821262,-0.26157385710510983,True,True,True
Singapore,2025,4,52,21.333019854484345,27.569535454368868,0.5892890259105755,52,22.626276478448386,28.30464648422503,0.6250130791101026,negative_binomial,negative_binomial_epidemiology,negative_binomial_climate,1.2932566239640408,0.7351110298561636,0.035724053199527095,False,False,False
Sri Lanka,2024,4,42,203.3147660593166,253.5570625132727,0.9718993273971442,42,296.27547642866784,408.3586572498196,1.416276554066329,negative_binomial,negative_binomial_epidemiology,negative_binomial_climate,92.96071036935123,154.8015947365469,0.44437722666918467,False,False,False
Brazil,2023,1,52,9240.545596153845,14960.241975489767,1.145163459116789,52,9211.131884615386,14238.060605417257,1.1415182730939135,xgboost,xgboost_epidemiology,xgboost_climate,-29.4137115384583,-722.1813700725106,-0.0036451860228754462,True,True,True
Colombia,2023,1,52,576.9084192307693,815.2925058433457,4.251545949942542,52,596.0175365384614,784.5628579146975,4.392371231024109,xgboost,xgboost_epidemiology,xgboost_climate,19.109117307692145,-30.729647928648205,0.14082528108156733,False,True,False
Peru,2023,1,52,2867.708553076923,5123.410707589391,13.937065366284862,52,2833.4477057692316,5121.1390601465255,13.770557626884612,xgboost,xgboost_epidemiology,xgboost_climate,-34.26084730769162,-2.2716474428652873,-0.16650773940025054,True,True,True
Philippines,2023,1,36,480.6913236111111,720.8065581450983,0.8659179992292705,36,494.1507997222222,737.7250491858301,0.8901639176645207,xgboost,xgboost_epidemiology,xgboost_climate,13.459476111111087,16.91849104073185,0.024245918435250258,False,False,False
Singapore,2025,1,52,12.367191903846154,17.207757085767966,0.3416230107119457,52,12.737780192307694,18.218101833546378,0.3518598929260436,xgboost,xgboost_epidemiology,xgboost_climate,0.37058828846154057,1.0103447477784115,0.010236882214097909,False,False,False
Sri Lanka,2024,1,42,78.47065809523808,96.90024403080726,0.3751108751290737,42,94.14334404761904,125.1664619900004,0.4500305340936458,xgboost,xgboost_epidemiology,xgboost_climate,15.67268595238096,28.266217959193142,0.07491965896457209,False,False,False
Brazil,2023,2,52,12800.658971153847,19625.66505206924,1.5863616226819215,52,12767.102249999998,18119.909315705223,1.5822030012592694,xgboost,xgboost_epidemiology,xgboost_climate,-33.55672115384914,-1505.7557363640153,-0.004158621422652109,True,True,True
Colombia,2023,2,52,672.5173365384616,882.7312820106661,4.956139073578882,52,674.7978423076922,863.1962013192139,4.972945337352812,xgboost,xgboost_epidemiology,xgboost_climate,2.280505769230672,-19.535080691452208,0.016806263773929686,False,True,False
Peru,2023,2,52,3445.5503942307696,5785.400325618567,16.74537707665536,52,3456.918173076923,5719.537171741827,16.80062448897636,xgboost,xgboost_epidemiology,xgboost_climate,11.367778846153215,-65.8631538767404,0.05524741232100183,False,True,False
Philippines,2023,2,35,711.9092708571427,1020.9549796456936,1.2824343215150484,35,756.8496265714285,1068.5107470063192,1.3633899389629074,xgboost,xgboost_epidemiology,xgboost_climate,44.94035571428583,47.55576736062562,0.08095561744785895,False,False,False
Singapore,2025,2,52,16.657633230769232,20.82602633137531,0.4601392830219586,52,16.816207634615385,21.414017287052,0.4645196359496856,xgboost,xgboost_epidemiology,xgboost_climate,0.15857440384615273,0.5879909556766911,0.004380352927726983,False,False,False
Sri Lanka,2024,2,42,83.09028476190477,107.1672267951662,0.3971939345014037,42,124.13707904761904,224.06500786815585,0.5934086636689638,xgboost,xgboost_epidemiology,xgboost_climate,41.04679428571427,116.89778107298964,0.1962147291675601,False,False,False
Brazil,2023,4,52,15424.391134615384,21132.903983464395,1.9115158215158288,52,15813.62328846154,21152.2079783826,1.95975263124311,xgboost,xgboost_epidemiology,xgboost_climate,389.2321538461565,19.303994918205717,0.04823680972728117,False,False,False
Colombia,2023,4,52,795.4280403846153,982.5467268829668,5.861933629044838,52,763.0957865384614,948.8013546954994,5.623659999626469,xgboost,xgboost_epidemiology,xgboost_climate,-32.33225384615389,-33.74537218746741,-0.23827362941836938,True,True,True
Peru,2023,4,52,3945.5567469230778,6144.358397474716,19.175408264292383,52,3695.352368076923,5905.479511351764,17.959414826197694,xgboost,xgboost_epidemiology,xgboost_climate,-250.20437884615467,-238.87888612295228,-1.2159934380946886,True,True,True
Philippines,2023,4,35,951.639017142857,1434.1366625911862,1.7142838100808289,35,989.401814285714,1463.7755466667886,1.782309763829264,xgboost,xgboost_epidemiology,xgboost_climate,37.762797142856925,29.63888407560239,0.06802595374843512,False,False,False
Singapore,2025,4,52,26.50262213461539,31.535801526731323,0.7320906504711575,52,22.252746634615384,28.007239581564235,0.6146949413442201,xgboost,xgboost_epidemiology,xgboost_climate,-4.249875500000005,-3.5285619451670875,-0.11739570912693742,True,True,True
Sri Lanka,2024,4,42,173.20950761904763,275.0151291022451,0.8279880857479357,42,139.93724333333336,180.3819590328997,0.6689377033923748,xgboost,xgboost_epidemiology,xgboost_climate,-33.27226428571427,-94.63317006934543,-0.1590503823555609,True,True,True
