setting,climate_variable,lag_weeks,n,beta,se,p_value,adjusted_r2,q_value_fdr_bh,significant_fdr_0_05,ci_lower,ci_upper
Brazil,rainfall,0,362,-0.07061877705861885,0.037493908091454274,0.05963624676281304,0.8884098564047145,0.25257704511309054,False,-0.14410683691786924,0.00286928280063152
Brazil,rainfall,1,362,-0.03156655804773578,0.033393241850022515,0.34450686139889974,0.8878050387235837,0.6201123505180195,False,-0.09701731207377991,0.03388419597830834
Brazil,rainfall,2,360,-0.02323659647252252,0.035528605381350005,0.513095693060019,0.9350698232558308,0.7777450505330814,False,-0.09287266301996852,0.04639947007492348
Brazil,rainfall,4,356,-0.03491059959592868,0.0422153314441388,0.4082569261020915,0.9342978401595177,0.683592992543037,False,-0.11765264922644073,0.04783145003458336
Brazil,rainfall,6,352,-0.034919561039939984,0.0396129935192399,0.37803759482000954,0.9331928020460072,0.6404401606362514,False,-0.11256102833765019,0.042721906257770226
Brazil,rainfall,8,348,-0.03765085836997917,0.027894667694238613,0.17709583550567876,0.9316547308871004,0.439686212289961,False,-0.09232440705068684,0.017022690310728512
Brazil,temperature,0,362,0.06927661502127913,0.03221584347350353,0.03152440965449955,0.8898650027782824,0.18351601371399928,False,0.0061335618132122155,0.13241966822934603
Brazil,temperature,1,362,0.05856137841088549,0.038761184562755374,0.1308329661875437,0.8892210275904016,0.37679894262012587,False,-0.017410543332115044,0.13453330015388604
Brazil,temperature,2,360,-0.00560360851928543,0.01996023622728837,0.7789109101093468,0.9350033805056701,0.8973053684459674,False,-0.04472567152477064,0.03351845448619978
Brazil,temperature,4,356,-0.005637642094211359,0.018081314562746,0.7551972228655534,0.9341328780276746,0.8846252066235992,False,-0.04107701863719352,0.0298017344487708
Brazil,temperature,6,352,-0.04493700096104025,0.025051551804461464,0.07284810960878622,0.9339986154228135,0.2643774262610875,False,-0.09403804249778472,0.004164040575704214
Brazil,temperature,8,348,-0.03543264098853338,0.020307283260531085,0.08101546023529092,0.9321094314094167,0.2777672922352831,False,-0.0752349161791743,0.004369634202107543
Brazil,humidity,0,362,0.010317798619787322,0.04833005099398054,0.8309477568762458,0.8876713575031451,0.9301231625607864,False,-0.08440910132841455,0.10504469856798919
Brazil,humidity,1,362,0.02729251041250924,0.056626835676277486,0.6298263242349025,0.8877671778024395,0.8332051835686068,False,-0.08369608751299464,0.1382811083380131
Brazil,humidity,2,360,-0.053700296496851596,0.02146825133055411,0.012370967592995902,0.9354226968794312,0.12724423809938643,False,-0.09577806910473766,-0.011622523888965543
Brazil,humidity,4,356,-0.056230733778257935,0.018131535012554854,0.0019269436172222561,0.9346018000030657,0.034684985110000614,True,-0.09176854240286544,-0.02069292515365042
Brazil,humidity,6,352,-0.09552855330556431,0.022825957861801905,2.8506054305450122e-05,0.9344259587782191,0.0012627600502512137,True,-0.14026743071469605,-0.05078967589643258
Brazil,humidity,8,348,-0.05794071230486697,0.03236734271706788,0.0734381739614132,0.9319761325176185,0.2643774262610875,False,-0.12138070403032,0.005499279420586062
Colombia,rainfall,0,310,-0.011795783583614328,0.019732713786272206,0.549988024579112,0.8890543398256907,0.7790340372847568,False,-0.05047190260470785,0.026880335437479197
Colombia,rainfall,1,310,0.013147769390190966,0.01140435040629293,0.2489624536793852,0.8891058782346362,0.5395893360844026,False,-0.009204757406143176,0.03550029618652511
Colombia,rainfall,2,308,0.022954119747156443,0.010220281626277028,0.024707973983285635,0.8949654087244898,0.16942610731395863,False,0.0029223677596534672,0.04298587173465942
Colombia,rainfall,4,304,-0.007251107323147821,0.011794746783629156,0.5387037768698222,0.8924776732623223,0.7790340372847568,False,-0.030368811019060967,0.015866596372765326
Colombia,rainfall,6,300,0.0014935481535055528,0.011278911147605791,0.8946524651599509,0.8906146630542807,0.9305564067786832,False,-0.0206131176958018,0.023600214002812904
Colombia,rainfall,8,296,-0.010316297090978255,0.010356791605898669,0.31920639284850116,0.8892398654988041,0.6201123505180195,False,-0.030615608638539644,0.009983014456583134
Colombia,temperature,0,310,0.008520028768528531,0.01123460423270988,0.4482272771428366,0.8889573427010856,0.7297319071966573,False,-0.013499795527582834,0.030539853064639896
Colombia,temperature,1,310,-0.006222495344852863,0.010805403283286382,0.5647038205499133,0.8889039990692157,0.7818975976844954,False,-0.027401085780094172,0.014956095090388446
Colombia,temperature,2,308,0.01072137287285313,0.009116732420031758,0.23959068807075,0.8943465101700968,0.5395893360844026,False,-0.007147422670409118,0.028590168416115377
Colombia,temperature,4,304,0.021054931138512645,0.011492704327351281,0.06694757298774477,0.8931280283238453,0.26055271649284456,False,-0.0014707693430958645,0.04358063162012116
Colombia,temperature,6,300,0.013544613894384994,0.01049826448979914,0.19698939145578498,0.8909132307536909,0.45752374789730704,False,-0.007031984505621321,0.03412121229439131
Colombia,temperature,8,296,0.023396206334072134,0.012109379189137348,0.05335047842862738,0.8899849881707544,0.24007715292882323,False,-0.00033817687663706755,0.04713058954478133
Colombia,humidity,0,310,0.008701327158139094,0.011057879132601428,0.43134665118692317,0.8889908666211869,0.7139530778266315,False,-0.012972115941759704,0.030374770258037892
Colombia,humidity,1,310,0.016949310194483556,0.00864523615509523,0.04993299239550765,0.8894054563047169,0.23769235901491387,False,4.647330496904134e-06,0.03389397305847021
Colombia,humidity,2,308,0.01700237166780927,0.008446939607754849,0.04413104389450219,0.8947235871406237,0.23536556743734502,False,0.0004463700366097653,0.03355837329900877
Colombia,humidity,4,304,0.01329625556578215,0.011584312692130392,0.25105892720593737,0.8927409728180155,0.5395893360844026,False,-0.009408997310793418,0.03600150844235772
Colombia,humidity,6,300,0.0034804678925512353,0.00985491286748404,0.7239603645887649,0.8906347768098869,0.8834770550913741,False,-0.015835161327717482,0.022796097112819953
Colombia,humidity,8,296,-0.0022721766045942227,0.010512314109249589,0.8288752819534881,0.8890847861623952,0.9301231625607864,False,-0.022876312258723417,0.01833195904953497
Mexico,rainfall,0,362,0.07539139572712006,0.06673259028183155,0.2585799913885627,0.662275813381397,0.5396451994196091,False,-0.05540448122526978,0.2061872726795099
Mexico,rainfall,1,362,0.055438689094762794,0.09444938147587696,0.5572257350022913,0.6617791669752142,0.7790340372847568,False,-0.12968209859795604,0.24055947678748163
Mexico,rainfall,2,360,0.06749368858898053,0.10458488865992989,0.5187014463849171,0.662667240909231,0.7780521695773757,False,-0.13749269318448204,0.2724800703624431
Mexico,rainfall,4,356,-0.03524055256143355,0.058422603849870525,0.5463752159715418,0.6608156873601927,0.7790340372847568,False,-0.14974885610717978,0.07926775098431268
Mexico,rainfall,6,352,0.13668830180996405,0.09471099357826264,0.14895998902305246,0.6623062452600057,0.41226410920592865,False,-0.04894524560343072,0.3223218492233588
Mexico,rainfall,8,348,0.008312856142445257,0.058957148338318326,0.8878713060471721,0.6567747131518509,0.9305564067786832,False,-0.10724315460065866,0.12386886688554917
Mexico,temperature,0,362,0.38363805519711114,0.18011421786496842,0.03317401019480514,0.669680385656346,0.18373297954045925,False,0.030614188181773028,0.7366619222124493
Mexico,temperature,1,362,0.06410571925323594,0.13799886550506227,0.6422623290008012,0.6614212538956987,0.8332051835686068,False,-0.2063720571366861,0.334583495643158
Mexico,temperature,2,360,0.1553619640888002,0.13950456417867652,0.265421042054542,0.6632047225955621,0.5460090007979149,False,-0.11806698170140578,0.4287909098790062
Mexico,temperature,4,356,0.2247663727410325,0.22168062561559726,0.31062102874835973,0.6635604124669283,0.6201123505180195,False,-0.20972765346553812,0.6592603989476031
Mexico,temperature,6,352,-0.017234017900423337,0.11679570263088694,0.8826924303408322,0.6588251348379293,0.9305564067786832,False,-0.24615359505696174,0.21168555925611507
Mexico,temperature,8,348,-0.04164817999646653,0.1061127172850339,0.6946962015485236,0.6568686182588162,0.8550107095981829,False,-0.24962910587513296,0.1663327458821999
Mexico,humidity,0,362,0.15274198629624047,0.14283674950831374,0.2849135392293578,0.6624372590814327,0.5778528119581341,False,-0.12721804274005444,0.4327020153325354
Mexico,humidity,1,362,0.013023786060459841,0.09572156099420384,0.8917745881600049,0.6611990652415634,0.9305564067786832,False,-0.1745904734881797,0.20063804560909937
Mexico,humidity,2,360,-0.01937479283298371,0.1193363739868265,0.8710267288044046,0.6618214561632971,0.9305564067786832,False,-0.25327408584716365,0.21452450018119623
Mexico,humidity,4,356,0.30508750536312257,0.20926193853836886,0.14486214739833708,0.6655604928389482,0.4090225338305988,False,-0.1050658941720804,0.7152409048983255
Mexico,humidity,6,352,0.20476413721224596,0.17784742006633658,0.24958940765552762,0.66097581318754,0.5395893360844026,False,-0.14381680611777375,0.5533450805422657
Mexico,humidity,8,348,0.08995856514933331,0.13610391696016322,0.5086411693008932,0.6571828543009532,0.7777450505330814,False,-0.1768051120925866,0.3567222423912532
Peru,rainfall,0,362,-0.09077542220711499,0.06908808518041566,0.18887699869751606,0.8154889299338371,0.44587357069577566,False,-0.22618806916072967,0.0446372247464997
Peru,rainfall,1,362,0.057122918942287215,0.04939900816465359,0.24753491353977952,0.8148835619424679,0.5395893360844026,False,-0.03969913706043382,0.15394497494500825
Peru,rainfall,2,360,0.007521020721253713,0.05881397274659092,0.8982454204322012,0.8153260850003451,0.9305564067786832,False,-0.1077543658620645,0.12279640730457192
Peru,rainfall,4,356,0.018421422101142337,0.05851028786311372,0.7528825804597632,0.8152312278187159,0.8846252066235992,False,-0.09625874211056056,0.13310158631284524
Peru,rainfall,6,352,-0.03840200158029611,0.03956188372983522,0.3317067442070627,0.8151930656650012,0.6201123505180195,False,-0.11594329369077314,0.03913929053018092
Peru,rainfall,8,348,0.12340184851485991,0.05623275509980235,0.02820067488084853,0.8164791868815724,0.18351601371399928,False,0.013185648519247306,0.23361804851047252
Peru,temperature,0,362,0.07747202813962673,0.04415003237079562,0.07930301419387713,0.8157163376437541,0.2777672922352831,False,-0.00906203530713269,0.16400609158638613
Peru,temperature,1,362,0.020318819596699164,0.030684574956724296,0.5078536199582112,0.8145685267311819,0.7777450505330814,False,-0.039822947318480455,0.08046058651187879
Peru,temperature,2,360,0.06369444885042516,0.03908284146246093,0.10315873823171742,0.8161690151109613,0.32070681468287254,False,-0.012907920415998267,0.14029681811684858
Peru,temperature,4,356,0.13342472431554153,0.04076517578978277,0.0010640967046328142,0.8188909500248339,0.025538320911187542,True,0.053524979767567316,0.21332446886351575
Peru,temperature,6,352,0.060966854714595425,0.03757357938633612,0.10467514090343757,0.8157586622680175,0.32070681468287254,False,-0.012677360882623362,0.1346110703118142
Peru,temperature,8,348,0.017748957977845106,0.04349276381624497,0.6832076690408713,0.8146807966262049,0.8550107095981829,False,-0.06749685910199503,0.10299477505768524
Peru,humidity,0,362,0.028393762781353304,0.0657066656829983,0.6656475805859601,0.8145710133251134,0.8550107095981829,False,-0.10039130195732335,0.15717882752002996
Peru,humidity,1,362,-0.00818810402318948,0.056417384030782385,0.8846047467622449,0.8144902343016561,0.9305564067786832,False,-0.11876617672352295,0.10238996867714399
Peru,humidity,2,360,0.0017969107252282512,0.048320203658571044,0.9703354532686327,0.8153194140135585,0.9771210158789028,False,-0.09291068844557099,0.09650450989602749
Peru,humidity,4,356,0.0280853497910577,0.056667509867002586,0.6201650479884525,0.8152756199951482,0.8332051835686068,False,-0.08298296954826737,0.13915366913038277
Peru,humidity,6,352,-0.010988237187362415,0.05218727129409453,0.8332353331273712,0.8150239297873859,0.9301231625607864,False,-0.11327528892378769,0.09129881454906286
Peru,humidity,8,348,-0.021010769633920345,0.04465395710057275,0.6379805136147314,0.8146640907174566,0.8332051835686068,False,-0.10853252555104294,0.06651098628320225
Philippines,rainfall,0,353,0.03832662736402981,0.015320125880855413,0.012359249259135771,0.9083434839712057,0.12724423809938643,False,0.008299180637553197,0.06835407409050642
Philippines,rainfall,1,353,0.01072706881423513,0.022556365082556266,0.634382702425198,0.907352039150961,0.8332051835686068,False,-0.03348340674757515,0.05493754437604541
Philippines,rainfall,2,349,0.024732903918469384,0.01755505393342484,0.15887167302489769,0.9069353714881071,0.415954925737914,False,-0.009675001791043296,0.059140809627982065
Philippines,rainfall,4,344,0.03464029459853024,0.01888271520809695,0.06658017262007199,0.9068075907765785,0.26055271649284456,False,-0.0023698272093397796,0.07165041640640027
Philippines,rainfall,6,340,0.012239354838584182,0.020763830217999567,0.5555557257361108,0.9055777755629613,0.7790340372847568,False,-0.028457752388694968,0.05293646206586333
Philippines,rainfall,8,337,-0.018037430157188394,0.018282527396478475,0.32384175778942936,0.9066524509313205,0.6201123505180195,False,-0.05387118385428621,0.01779632353990942
Philippines,temperature,0,353,-0.057373200531384394,0.017998392304986545,0.0014341680891818464,0.9089351493707358,0.02950288640602655,True,-0.09265004944915803,-0.022096351613610767
Philippines,temperature,1,353,-0.02109072667138312,0.02225982116526497,0.343394441589285,0.9074866623194818,0.6201123505180195,False,-0.06471997615530246,0.022538522812536224
Philippines,temperature,2,349,-0.02072875204982949,0.02255102236648589,0.3579943965349043,0.9066926198377545,0.6257549624058575,False,-0.06492875588814184,0.023471251788482854
Philippines,temperature,4,344,-0.04127541423834047,0.028996271765344302,0.15459904095222324,0.9067305462038675,0.41226410920592865,False,-0.0981081068984153,0.015557278421734363
Philippines,temperature,6,340,0.017124686493972585,0.024641880880718274,0.487091433832772,0.9056043365994509,0.7707820491419689,False,-0.031173400032235232,0.0654227730201804
Philippines,temperature,8,337,0.05695796621342086,0.024075115485374464,0.01798902521779923,0.9079551342147709,0.14391220174239383,False,0.009770739862086916,0.10414519256475481
Philippines,humidity,0,353,-0.020233570167803583,0.027147743945181692,0.4560824419979108,0.9074184151006615,0.7297319071966573,False,-0.0734431483003597,0.03297600796475253
Philippines,humidity,1,353,0.015224616009239411,0.02845599009690798,0.5926337873515499,0.9073517489157454,0.8127549083678399,False,-0.04054912458070022,0.07099835659917905
Philippines,humidity,2,349,0.02492190767821767,0.027026161360684947,0.35645549230400286,0.9067109588688878,0.6257549624058575,False,-0.028049368588724824,0.07789318394516016
Philippines,humidity,4,344,0.006253325162391021,0.04117624224998032,0.8792915917147075,0.9059228649891354,0.9305564067786832,False,-0.07445210964757042,0.08695875997235246
Philippines,humidity,6,340,0.05187685339823356,0.027425486493792655,0.058550115048892896,0.9064878077214874,0.25257704511309054,False,-0.0018771001296000456,0.10563080692606716
Philippines,humidity,8,337,0.0497952889749852,0.031650972040560235,0.1156580371494721,0.9073612973903209,0.34697411144841633,False,-0.012240616224512862,0.11183119417448326
Singapore,rainfall,0,519,-0.002883254845010237,0.009093447285129487,0.751190862133801,0.9580290664173764,0.8846252066235992,False,-0.020706411523864033,0.014939901833843559
Singapore,rainfall,1,519,0.0003860260975264724,0.007633406490777862,0.9596676748508317,0.9580199387789003,0.9731841209754912,False,-0.014575450624398136,0.01534750281945108
Singapore,rainfall,2,518,0.007822289698642036,0.008142367940708042,0.3367081693721704,0.9579819622703731,0.6201123505180195,False,-0.008136751465145725,0.023781330862429798
Singapore,rainfall,4,516,0.01949829218030321,0.008585228339605733,0.023138245592110755,0.9580091151213881,0.16942610731395863,False,0.0026712446346759747,0.036325339725930446
Singapore,rainfall,6,514,0.008690048165640427,0.0091823861020725,0.34395360289083965,0.9575895307005573,0.6201123505180195,False,-0.009307428594421675,0.02668752492570253
Singapore,rainfall,8,512,-0.011719386892910855,0.008223320518242582,0.1541165993495588,0.9576878002240811,0.41226410920592865,False,-0.027837095108666315,0.004398321322844605
Singapore,temperature,0,519,0.013925744909465736,0.010489166208720504,0.18429995362213425,0.9581572343118598,0.44587357069577566,False,-0.00663302085962645,0.03448451067855792
Singapore,temperature,1,519,0.017901727920183703,0.009937206875257369,0.07162648858335723,0.9582474522196059,0.2643774262610875,False,-0.0015751975553207412,0.03737865339568815
Singapore,temperature,2,518,0.005633344420160998,0.009458954513196453,0.551471361918475,0.957935961004976,0.7790340372847568,False,-0.012906206425704048,0.024172895266026045
Singapore,temperature,4,516,-0.018305991709126494,0.010878975326755816,0.0924342512603929,0.9578219428413525,0.30954726003480415,False,-0.03962878334956789,0.0030167999313149042
Singapore,temperature,6,514,0.019376165739847805,0.008965613350981332,0.03068263076855225,0.9577747675916314,0.18351601371399928,False,0.0018035635719243943,0.03694876790777121
Singapore,temperature,8,512,0.02642872014056965,0.00927197408485867,0.004366597813951651,0.9580336778423902,0.06986556502322641,False,0.008255650934246659,0.04460178934689264
Singapore,humidity,0,519,0.021504657370816013,0.009078892669916414,0.017853467593987,0.9583950543292054,0.14391220174239383,False,0.003710027737779842,0.039299287003852185
Singapore,humidity,1,519,0.025594858187316702,0.009322176031624755,0.006040249570683594,0.9585528082150514,0.08225387524834472,False,0.007323393165332183,0.04386632320930122
Singapore,humidity,2,518,0.023410653433226035,0.008567109723433095,0.006283282137026333,0.9583600089762371,0.08225387524834472,False,0.0066191183752971686,0.0402021884911549
Singapore,humidity,4,516,0.013742939834208195,0.00827443101981907,0.09673505311140504,0.9577362424033017,0.31658744654641646,False,-0.0024749449646371824,0.029960824633053572
Singapore,humidity,6,514,0.01699183180615013,0.008552448704394328,0.046946810813869574,0.9577401521232217,0.23769235901491387,False,0.00022903234553724866,0.033754631266763015
Singapore,humidity,8,512,0.014116637896208692,0.010336950406669314,0.1720494047032849,0.9576951019740712,0.4346511276714566,False,-0.006143784900863161,0.034377060693280545
Sri Lanka,rainfall,0,465,0.020053955756791475,0.012154296791515142,0.09895360448503561,0.8784710666250446,0.31665153435211396,False,-0.0037684659545782033,0.04387637746816116
Sri Lanka,rainfall,1,465,0.012539661741299724,0.01384322281962714,0.36502372807008354,0.8781635101979482,0.6257549624058575,False,-0.014593054985169468,0.039672378467768915
Sri Lanka,rainfall,2,463,0.03943682819425859,0.016080525198935842,0.01418835610823522,0.8794885400417577,0.1362082186390581,False,0.007918998804344338,0.07095465758417284
Sri Lanka,rainfall,4,461,0.02940048348854224,0.014864320408033238,0.04793737657549883,0.8788201664924741,0.23769235901491387,False,0.00026641548879709556,0.05853455148828739
Sri Lanka,rainfall,6,459,0.05471441919807468,0.012639403670415049,1.4987185364021755e-05,0.8818978357952415,0.0012627600502512137,True,0.029941188004061186,0.07948765039208817
Sri Lanka,rainfall,8,457,0.03216379411375403,0.013258871028375205,0.015273337156631296,0.8798037210778717,0.1374600344096817,False,0.006176406898138628,0.05815118132936943
Sri Lanka,temperature,0,465,-0.02916676650305894,0.022043654261707363,0.18578994385057734,0.8783679166406744,0.44587357069577566,False,-0.07237232885600536,0.014038795849887493
Sri Lanka,temperature,1,465,-0.03338599355630345,0.02154336229245771,0.12121080718804546,0.8784914511930806,0.35621135173629687,False,-0.07561098364952057,0.008838996536913661
Sri Lanka,temperature,2,463,-0.05066585266031198,0.022535402582071963,0.024558460696884287,0.878719566232414,0.16942610731395863,False,-0.09483524172117302,-0.006496463599450934
Sri Lanka,temperature,4,461,-0.03268126100367441,0.023376694227137108,0.16210481420609468,0.8782147811438611,0.416840950815672,False,-0.07849958168886315,0.013137059681514317
Sri Lanka,temperature,6,459,0.00977621264973938,0.020649476817237538,0.6359019112414814,0.8781638814878615,0.8332051835686068,False,-0.03069676191204619,0.05024918721152495
Sri Lanka,temperature,8,457,0.021292886051129334,0.023414258786058604,0.3631399432888127,0.8787405361764161,0.6257549624058575,False,-0.02459906116954553,0.06718483327180419
Sri Lanka,humidity,0,465,0.03055379152967619,0.014236509782081344,0.03186041904756932,0.8789587960002698,0.18351601371399928,False,0.0026502323567967542,0.05845735070255562
Sri Lanka,humidity,1,465,0.03031332485362953,0.01554487768039972,0.051169882843488404,0.8789574039911476,0.23769235901491387,False,-0.0001546353999539174,0.06078128510721298
Sri Lanka,humidity,2,463,0.05483987762292031,0.013253630895058651,3.507666806253371e-05,0.8807612335676044,0.0012627600502512137,True,0.02886276106860535,0.08081699417723526
Sri Lanka,humidity,4,461,0.056323304525130236,0.014085283838993446,6.368217940143554e-05,0.8811518328592861,0.0018340467667613434,True,0.02871614820070308,0.0839304608495574
Sri Lanka,humidity,6,459,0.0705930072682176,0.01665220288318119,2.2425842415245213e-05,0.8833707606762923,0.0012627600502512137,True,0.03795468961718247,0.10323132491925273
Sri Lanka,humidity,8,457,0.04062113694912828,0.015140117808215663,0.007296209575699474,0.8801844024564237,0.0875545149083937,False,0.010946506045025579,0.07029576785323098
Taiwan,rainfall,0,467,-0.007901082386848952,0.030103058860063328,0.7929608391472406,0.7988282092917278,0.9062409590254178,False,-0.06690307775257306,0.05110091297887517
Taiwan,rainfall,1,467,0.0027803720485386416,0.03848240011452394,0.9424025693896912,0.7988128270509129,0.9660707166089936,False,-0.07264513217592827,0.07820587627300557
Taiwan,rainfall,2,466,0.007242970974731595,0.04132758039422387,0.8608772563878163,0.796682522116785,0.9305564067786832,False,-0.0737590865979472,0.08824502854741037
Taiwan,rainfall,4,464,0.01123241818812705,0.028559386213981075,0.694097618531321,0.7944745707231466,0.8550107095981829,False,-0.044743978791275854,0.06720881516752995
Taiwan,rainfall,6,462,0.06492542256680209,0.03528383087015145,0.06575503258737685,0.7966499092518504,0.26055271649284456,False,-0.0042308859386947645,0.13408173107229893
Taiwan,rainfall,8,460,0.03788836231898367,0.033498404464196045,0.25803414841880057,0.7968362112042668,0.5396451994196091,False,-0.02776851043084058,0.10354523506880792
Taiwan,temperature,0,467,0.01845926600265771,0.06550771593514779,0.7781063333622456,0.7988254350782855,0.8973053684459674,False,-0.10993585723023194,0.14685438923554736
Taiwan,temperature,1,467,0.001419492700625996,0.10087269692566883,0.9887724432331089,0.7988107333417799,0.9887724432331089,False,-0.1962909932736849,0.1991299786749369
Taiwan,temperature,2,466,-0.005987907113175789,0.08831623158145233,0.9459442433463062,0.7966691811270705,0.9660707166089936,False,-0.17908772101282233,0.16711190678647075
Taiwan,temperature,4,464,-0.039176185675581524,0.06299715811302019,0.5340258607588366,0.7945064806059887,0.7790340372847568,False,-0.1626506155771011,0.08429824422593804
Taiwan,temperature,6,462,-0.07371138351823528,0.07610761282661613,0.3327871075142057,0.7956815774673263,0.6201123505180195,False,-0.2228823046584029,0.07545953762193233
Taiwan,temperature,8,460,-0.019147868709301546,0.056556853122958564,0.7349414796533578,0.7964434135730711,0.8846252066235992,False,-0.1299993008303003,0.09170356341169723
Taiwan,humidity,0,467,0.06424218924347139,0.08575216214729964,0.4537600760608633,0.7989447854240873,0.7297319071966573,False,-0.1038320485652359,0.23231642705217867
Taiwan,humidity,1,467,-0.03515703575424124,0.11295757301404381,0.755617363990991,0.7988512502073429,0.8846252066235992,False,-0.2565538788617671,0.1862398073532846
Taiwan,humidity,2,466,0.04391859812556305,0.10411304261812564,0.6731449465070459,0.7967317410015788,0.8550107095981829,False,-0.16014296540596318,0.2479801616570893
Taiwan,humidity,4,464,0.03469785214909993,0.08361212716145376,0.678152239899112,0.7944786272903582,0.8550107095981829,False,-0.12918191708734944,0.1985776213855493
Taiwan,humidity,6,462,-0.059606423900460476,0.08734734503198674,0.4949817449225933,0.795559613508802,0.7747540355310156,False,-0.23080722016315447,0.11159437236223352
Taiwan,humidity,8,460,-0.010608767700313576,0.0669980066201315,0.8741853228444065,0.7964310814560951,0.9305564067786832,False,-0.1419248606757713,0.12070732527514416
